{"cameraMode":{"drawMode":0,"name":"Shaded","section":"Shading Mode"},"sceneLighting":false,"audioPlay":false,"sceneViewState":{"showFog":true,"showMaterialUpdate":false,"showSkybox":false,"showFlares":true,"showImageEffects":true,"showParticleSystems":true},"in2DMode":false,"pivot":{"x":6.696500301361084,"y":-0.12424612045288086,"z":0.0},"rotation":{"x":0.15600501000881196,"y":0.17909613251686097,"z":-0.02877558209002018,"w":0.9709578156471252},"size":5.880666255950928,"orthographic":false}